NAME	X	Y	Category	Intensity
TYPE	numeric	numeric	group	numeric
AE_1	7.532146662	14.82605751	A	1
AE_2	58.61765538	7.621239758	A	1
